time,datetime,idle_time,usr_time,interrupt_time,mem_total,mem_available,mem_percent,n_packets,tcp_packets,packet_size,label
1737202358373,2025-01-18 13:12:38,10786.49,1959.44,17.75,7763402752,2940997632,62.1,1,0,60,Normal
1737202369782,2025-01-18 13:12:49,10805.81,1961.39,17.76,7763402752,2929389568,62.3,5,3,352,Normal
1737202381193,2025-01-18 13:13:01,10824.9,1963.46,17.78,7763402752,2918187008,62.4,1,0,60,Normal
1737202392598,2025-01-18 13:13:12,10843.75,1965.7,17.81,7763402752,2927058944,62.3,5,0,282,Normal
1737202404005,2025-01-18 13:13:24,10862.85,1967.75,17.83,7763402752,2933608448,62.2,6,5,453,Normal
1737202415404,2025-01-18 13:13:35,10881.5,1970.14,17.85,7763402752,2942611456,62.1,0,0,0,Normal
1737202426841,2025-01-18 13:13:46,10890.83,1981.06,17.87,7763402752,2913980416,62.5,9,0,938,Anomaly
1737202438390,2025-01-18 13:13:58,10898.46,1992.85,17.89,7763402752,2919452672,62.4,7,0,1979,Normal
1737202449790,2025-01-18 13:14:09,10908.56,2003.41,17.91,7763402752,2902097920,62.6,286,264,297373,Anomaly
1737202461259,2025-01-18 13:14:21,10919.46,2013.14,17.97,7763402752,2815225856,63.7,0,0,0,Normal
1737202472993,2025-01-18 13:14:32,10928.48,2025.11,18.0,7763402752,2948988928,62.0,2,0,102,Normal
1737202484537,2025-01-18 13:14:44,10941.5,2032.73,18.02,7763402752,2918764544,62.4,3,0,230,Normal
1737202495956,2025-01-18 13:14:55,10952.86,2042.0,18.05,7763402752,2909274112,62.5,0,0,0,Normal
1737202507383,2025-01-18 13:15:07,10971.21,2044.55,18.07,7763402752,2925367296,62.3,54,44,16388,Normal
1737202518824,2025-01-18 13:15:18,10984.27,2051.94,18.11,7763402752,2899664896,62.6,36,9,11499,Normal
1737202530456,2025-01-18 13:15:30,10999.31,2057.65,18.13,7763402752,2904432640,62.6,2,0,102,Normal
1737202541875,2025-01-18 13:15:41,11018.47,2059.53,18.16,7763402752,2909675520,62.5,1,0,60,Normal
1737202553299,2025-01-18 13:15:53,11037.74,2061.39,18.18,7763402752,2917101568,62.4,0,0,0,Normal
1737202564728,2025-01-18 13:16:04,11057.06,2063.19,18.2,7763402752,2917523456,62.4,5,4,402,Normal
1737202576166,2025-01-18 13:16:16,11072.62,2068.18,18.22,7763402752,2923220992,62.3,1,0,60,Normal
1737202587603,2025-01-18 13:16:27,11091.92,2070.01,18.23,7763402752,2901483520,62.6,2,0,102,Normal
1737202599037,2025-01-18 13:16:39,11111.12,2071.91,18.25,7763402752,2917564416,62.4,1,0,60,Normal
1737202610467,2025-01-18 13:16:50,11129.79,2074.3,18.27,7763402752,2948550656,62.0,2,0,102,Normal
1737202621893,2025-01-18 13:17:01,11148.95,2076.23,18.29,7763402752,2966642688,61.8,5,3,396,Normal
1737202633324,2025-01-18 13:17:13,11167.94,2078.24,18.3,7763402752,2962927616,61.8,5,0,264,Normal
1737202644759,2025-01-18 13:17:24,11187.12,2080.08,18.33,7763402752,2962952192,61.8,1,0,110,Normal
1737202656193,2025-01-18 13:17:36,11206.29,2082.01,18.34,7763402752,2955751424,61.9,3,0,162,Normal
1737202667628,2025-01-18 13:17:47,11225.06,2084.32,18.36,7763402752,2962821120,61.8,8,8,636,Normal
1737202679069,2025-01-18 13:17:59,11239.09,2090.39,18.37,7763402752,2912710656,62.5,47,38,11099,Anomaly
1737202690500,2025-01-18 13:18:10,11255.31,2094.51,18.4,7763402752,2825281536,63.6,641,617,743261,Anomaly
1737202701972,2025-01-18 13:18:21,11259.63,2110.83,18.48,7763402752,2823942144,63.6,2,0,102,Anomaly
1737202713440,2025-01-18 13:18:33,11273.64,2117.66,18.49,7763402752,2882949120,62.9,0,0,0,Normal
1737202724904,2025-01-18 13:18:44,11290.64,2121.25,18.52,7763402752,2886533120,62.8,2,0,102,Normal
1737202736363,2025-01-18 13:18:56,11308.42,2124.38,18.54,7763402752,2926751744,62.3,125,77,36893,Normal
1737202747795,2025-01-18 13:19:07,11321.29,2131.84,18.58,7763402752,2898055168,62.7,32,30,3903,Normal
1737202759296,2025-01-18 13:19:19,11333.5,2138.71,18.61,7763402752,2904231936,62.6,32,30,3950,Normal
1737202771129,2025-01-18 13:19:31,11344.72,2147.38,18.64,7763402752,2875351040,63.0,339,86,222949,Normal
1737202782688,2025-01-18 13:19:42,11353.75,2157.75,18.69,7763402752,2832162816,63.5,31,27,4591,Normal
1737202794290,2025-01-18 13:19:54,11365.68,2165.93,18.73,7763402752,2813382656,63.8,703,261,481147,Normal
1737202805920,2025-01-18 13:20:05,11367.11,2184.93,18.79,7763402752,2689990656,65.4,1107,169,1020305,Normal
1737202817615,2025-01-18 13:20:17,11368.62,2203.29,18.88,7763402752,2616332288,66.3,1111,150,1164221,Normal
1737202829326,2025-01-18 13:20:29,11370.84,2221.0,19.0,7763402752,2652667904,65.8,1274,72,1434485,Normal
1737202841005,2025-01-18 13:20:41,11375.78,2236.53,19.09,7763402752,2657083392,65.8,9,6,636,Normal
1737202852436,2025-01-18 13:20:52,11390.97,2241.94,19.12,7763402752,2677587968,65.5,9,9,750,Normal
1737202863870,2025-01-18 13:21:03,11402.0,2251.87,19.15,7763402752,2669531136,65.6,11,9,852,Normal
1737202875471,2025-01-18 13:21:15,11418.88,2255.95,19.17,7763402752,2762768384,64.4,0,0,0,Normal
1737202886900,2025-01-18 13:21:26,11437.58,2258.14,19.2,7763402752,2778677248,64.2,47,32,7393,Normal
1737202898330,2025-01-18 13:21:38,11451.45,2264.44,19.25,7763402752,2714800128,65.0,1071,37,1220128,Anomaly
1737202910097,2025-01-18 13:21:50,11452.09,2283.32,19.52,7763402752,2646249472,65.9,764,728,896326,Anomaly
1737202921921,2025-01-18 13:22:01,11452.81,2302.34,19.72,7763402752,2661859328,65.7,1074,128,1144936,Anomaly
1737202933642,2025-01-18 13:22:13,11453.16,2321.31,19.83,7763402752,2689036288,65.4,1052,59,1218760,Normal
1737202945421,2025-01-18 13:22:25,11453.19,2341.34,19.97,7763402752,2635644928,66.1,1068,107,1110012,Normal
1737202957182,2025-01-18 13:22:37,11454.08,2360.43,20.07,7763402752,2619248640,66.3,23,22,1701,Normal
1737202968637,2025-01-18 13:22:48,11469.57,2365.7,20.09,7763402752,2681561088,65.5,7,5,484,Normal
1737202980059,2025-01-18 13:23:00,11488.62,2367.57,20.12,7763402752,2701406208,65.2,2,2,132,Normal
1737202991488,2025-01-18 13:23:11,11507.46,2369.62,20.15,7763402752,2699186176,65.2,8,6,576,Normal
1737203002919,2025-01-18 13:23:22,11526.58,2371.52,20.16,7763402752,2701271040,65.2,4,4,342,Normal
1737203014351,2025-01-18 13:23:34,11545.73,2373.4,20.19,7763402752,2701185024,65.2,36,24,8372,Normal
1737203025773,2025-01-18 13:23:45,11563.51,2376.37,20.21,7763402752,2707701760,65.1,4,2,668,Normal
1737203037204,2025-01-18 13:23:57,11582.44,2378.39,20.23,7763402752,2709823488,65.1,8,2,912,Normal
1737203048619,2025-01-18 13:24:08,11601.44,2380.35,20.26,7763402752,2694115328,65.3,5,5,330,Normal
1737203060052,2025-01-18 13:24:20,11620.18,2382.46,20.28,7763402752,2704613376,65.2,5,3,378,Normal
1737203071483,2025-01-18 13:24:31,11639.36,2384.33,20.3,7763402752,2720899072,65.0,2,0,120,Normal
1737203082913,2025-01-18 13:24:42,11658.46,2386.17,20.32,7763402752,2719105024,65.0,2,0,102,Normal
1737203094342,2025-01-18 13:24:54,11675.42,2389.86,20.34,7763402752,2727682048,64.9,2,0,120,Normal
1737203105808,2025-01-18 13:25:05,11687.87,2398.22,20.36,7763402752,2709069824,65.1,9,7,663,Normal
1737203117251,2025-01-18 13:25:17,11705.16,2401.42,20.39,7763402752,2716790784,65.0,19,14,1851,Normal
1737203128678,2025-01-18 13:25:28,11711.35,2415.61,20.41,7763402752,2658623488,65.8,251,212,193700,Normal
1737203140222,2025-01-18 13:25:40,11719.99,2426.85,20.47,7763402752,2687324160,65.4,2,0,150,Normal
1737203151689,2025-01-18 13:25:51,11725.71,2441.47,20.49,7763402752,2708660224,65.1,0,0,0,Normal
1737203163182,2025-01-18 13:26:03,11743.96,2444.29,20.51,7763402752,2709999616,65.1,0,0,0,Normal
1737203174611,2025-01-18 13:26:14,11762.92,2446.24,20.53,7763402752,2707955712,65.1,0,0,0,Normal
1737203186075,2025-01-18 13:26:26,11782.02,2448.13,20.55,7763402752,2715201536,65.0,6,6,459,Normal
1737203197511,2025-01-18 13:26:37,11801.08,2450.02,20.57,7763402752,2710061056,65.1,2,0,102,Normal
1737203208951,2025-01-18 13:26:48,11820.06,2452.0,20.59,7763402752,2719416320,65.0,2,0,102,Normal
1737203220390,2025-01-18 13:27:00,11837.2,2455.5,20.61,7763402752,2704220160,65.2,0,0,0,Normal
1737203231987,2025-01-18 13:27:11,11854.85,2458.9,20.63,7763402752,2708717568,65.1,3,0,370,Normal
1737203243439,2025-01-18 13:27:23,11869.56,2464.36,20.65,7763402752,2712596480,65.1,782,756,1004968,Normal
1737203255204,2025-01-18 13:27:35,11873.3,2480.09,20.75,7763402752,2650501120,65.9,1052,153,1148464,Anomaly
1737203266890,2025-01-18 13:27:46,11873.3,2499.14,20.93,7763402752,2491924480,67.9,734,625,874179,Anomaly
1737203278677,2025-01-18 13:27:58,11873.53,2518.61,21.1,7763402752,2599030784,66.5,908,22,1082421,Normal
1737203290477,2025-01-18 13:28:10,11876.26,2536.22,21.23,7763402752,2646368256,65.9,1027,8,1191417,Normal
1737203302057,2025-01-18 13:28:22,11880.09,2552.01,21.34,7763402752,2648051712,65.9,486,10,533972,Normal
1737203313613,2025-01-18 13:28:33,11886.82,2564.85,21.47,7763402752,2670546944,65.6,790,0,878467,Normal
1737203325202,2025-01-18 13:28:45,11892.91,2578.18,21.58,7763402752,2662105088,65.7,552,0,597740,Normal
1737203337013,2025-01-18 13:28:57,11899.53,2591.3,21.72,7763402752,2645729280,65.9,622,10,725853,Normal
1737203348578,2025-01-18 13:29:08,11905.91,2604.77,21.8,7763402752,2631331840,66.1,12,12,3549,Normal
1737203360086,2025-01-18 13:29:20,11923.77,2607.72,21.82,7763402752,2651439104,65.8,307,61,268273,Normal
1737203371548,2025-01-18 13:29:31,11929.83,2620.93,22.02,7763402752,2582482944,66.7,1019,69,1134562,Normal
1737203383360,2025-01-18 13:29:43,11931.13,2639.43,22.19,7763402752,2599256064,66.5,847,2,955411,Normal
1737203394969,2025-01-18 13:29:54,11935.56,2654.46,22.33,7763402752,2593255424,66.6,1040,2,1210028,Normal
1737203406758,2025-01-18 13:30:06,11938.2,2671.72,22.45,7763402752,2611924992,66.4,544,14,566287,Normal
1737203418406,2025-01-18 13:30:18,11943.68,2685.57,22.61,7763402752,2584834048,66.7,747,13,800485,Normal
1737203429915,2025-01-18 13:30:29,11949.91,2698.74,22.74,7763402752,2585837568,66.7,745,7,773015,Normal
1737203441503,2025-01-18 13:30:41,11956.13,2712.15,22.83,7763402752,2584375296,66.7,979,10,1081454,Normal
1737203453235,2025-01-18 13:30:53,11962.47,2725.69,22.96,7763402752,2579861504,66.8,551,17,574877,Normal
1737203464831,2025-01-18 13:31:04,11969.79,2737.72,23.07,7763402752,2599018496,66.5,682,12,735501,Normal
1737203476401,2025-01-18 13:31:16,11976.25,2750.69,23.17,7763402752,2594484224,66.6,1046,22,1166417,Normal
1737203487962,2025-01-18 13:31:27,11981.26,2765.22,23.3,7763402752,2603986944,66.5,422,0,441545,Normal
1737203499514,2025-01-18 13:31:39,11990.46,2775.36,23.35,7763402752,2597048320,66.5,565,15,605819,Normal
1737203511243,2025-01-18 13:31:51,11998.48,2787.1,23.42,7763402752,2577510400,66.8,130,0,146061,Normal
1737203522871,2025-01-18 13:32:02,12008.11,2796.86,23.49,7763402752,2560581632,67.0,283,5,300315,Normal
1737203534430,2025-01-18 13:32:14,12017.25,2807.17,23.56,7763402752,2579206144,66.8,492,19,493780,Normal
1737203545976,2025-01-18 13:32:25,12025.25,2818.68,23.6,7763402752,2568155136,66.9,484,0,481078,Normal
1737203557542,2025-01-18 13:32:37,12034.98,2828.43,23.65,7763402752,2572107776,66.9,174,10,160150,Normal
1737203569084,2025-01-18 13:32:49,12043.81,2838.95,23.71,7763402752,2542190592,67.3,382,35,371947,Normal
1737203580622,2025-01-18 13:33:00,12051.39,2850.9,23.81,7763402752,2573713408,66.8,573,10,601398,Normal
1737203592223,2025-01-18 13:33:12,12057.2,2865.5,23.87,7763402752,2573090816,66.9,909,319,962820,Normal
1737203604012,2025-01-18 13:33:24,12060.29,2883.18,23.99,7763402752,2580803584,66.8,763,540,982011,Normal
1737203615617,2025-01-18 13:33:35,12062.82,2899.39,24.08,7763402752,2433069056,68.7,703,326,799471,Anomaly
1737203627234,2025-01-18 13:33:47,12064.05,2916.39,24.17,7763402752,2300960768,70.4,305,10,313252,Anomaly
1737203638904,2025-01-18 13:33:58,12068.81,2931.06,24.25,7763402752,2555736064,67.1,323,0,321965,Normal
1737203650467,2025-01-18 13:34:10,12077.97,2941.46,24.32,7763402752,2551074816,67.1,432,14,421027,Normal
1737203662055,2025-01-18 13:34:22,12087.44,2951.25,24.39,7763402752,2564730880,67.0,729,38,784531,Normal
1737203673751,2025-01-18 13:34:33,12094.48,2963.97,24.47,7763402752,2512011264,67.6,500,0,521859,Normal
1737203685277,2025-01-18 13:34:45,12102.36,2975.55,24.53,7763402752,2517061632,67.6,392,12,371664,Normal
1737203696798,2025-01-18 13:34:56,12110.92,2986.36,24.58,7763402752,2533785600,67.4,368,0,366737,Normal
1737203708393,2025-01-18 13:35:08,12119.95,2996.77,24.63,7763402752,2526277632,67.5,164,0,157444,Normal
1737203719996,2025-01-18 13:35:19,12130.66,3005.35,24.69,7763402752,2502873088,67.8,166,23,137715,Normal
1737203731579,2025-01-18 13:35:31,12140.12,3015.29,24.76,7763402752,2512244736,67.6,292,32,272044,Normal
1737203743103,2025-01-18 13:35:43,12149.29,3025.38,24.83,7763402752,2528731136,67.4,466,21,485150,Normal
1737203754624,2025-01-18 13:35:54,12157.83,3036.23,24.91,7763402752,2497236992,67.8,642,0,660527,Normal
1737203766167,2025-01-18 13:36:06,12166.82,3046.73,24.97,7763402752,2508726272,67.7,462,0,474197,Normal
1737203777705,2025-01-18 13:36:17,12174.26,3058.8,25.04,7763402752,2486747136,68.0,285,12,286265,Normal
1737203789229,2025-01-18 13:36:29,12182.59,3069.76,25.12,7763402752,2504646656,67.7,359,0,381425,Normal
1737203800861,2025-01-18 13:36:40,12190.7,3081.01,25.26,7763402752,2516987904,67.6,366,0,372600,Normal
1737203812423,2025-01-18 13:36:52,12200.92,3090.21,25.32,7763402752,2521833472,67.5,678,36,733783,Normal
1737203824116,2025-01-18 13:37:04,12208.19,3102.63,25.38,7763402752,2513047552,67.6,354,0,355462,Normal
1737203835656,2025-01-18 13:37:15,12216.91,3113.37,25.44,7763402752,2528415744,67.4,559,13,564967,Normal
1737203847189,2025-01-18 13:37:27,12224.53,3125.19,25.49,7763402752,2517782528,67.6,500,6,577587,Normal
1737203858720,2025-01-18 13:37:38,12229.98,3139.38,25.55,7763402752,2512539648,67.6,606,13,711145,Normal
1737203870483,2025-01-18 13:37:50,12232.84,3156.89,25.63,7763402752,2514608128,67.6,802,704,789461,Anomaly
1737203882113,2025-01-18 13:38:02,12237.29,3172.34,25.71,7763402752,2526695424,67.5,0,0,0,Anomaly
1737203893735,2025-01-18 13:38:13,12242.21,3186.89,25.73,7763402752,2412470272,68.9,14,10,4102,Anomaly
1737203905391,2025-01-18 13:38:25,12243.93,3204.26,25.77,7763402752,2514247680,67.6,8,4,564,Normal
1737203917089,2025-01-18 13:38:37,12254.32,3213.44,25.78,7763402752,2511740928,67.6,0,0,0,Normal
1737203928911,2025-01-18 13:38:48,12265.52,3222.02,25.81,7763402752,2519973888,67.5,75,69,22477,Normal
1737203940461,2025-01-18 13:39:00,12275.61,3231.3,25.84,7763402752,2504028160,67.7,2,0,102,Normal
1737203951991,2025-01-18 13:39:11,12286.48,3239.79,25.86,7763402752,2502164480,67.8,7,7,525,Normal
1737203963526,2025-01-18 13:39:23,12297.34,3248.11,25.88,7763402752,2490490880,67.9,1,0,60,Normal
1737203975075,2025-01-18 13:39:35,12309.24,3255.56,25.9,7763402752,2483486720,68.0,16,10,4176,Normal
1737203986605,2025-01-18 13:39:46,12319.28,3264.74,25.92,7763402752,2465161216,68.2,132,56,102778,Normal
1737203998466,2025-01-18 13:39:58,12324.49,3279.2,25.96,7763402752,2477436928,68.1,976,172,929258,Normal
1737204010076,2025-01-18 13:40:10,12325.29,3298.08,26.11,7763402752,2391789568,69.2,976,79,1057258,Normal
1737204021945,2025-01-18 13:40:21,12327.39,3315.75,26.37,7763402752,2388533248,69.2,931,351,937972,Normal
1737204033916,2025-01-18 13:40:33,12327.41,3336.72,26.49,7763402752,2438619136,68.6,1064,32,1105995,Normal
1737204045668,2025-01-18 13:40:45,12335.26,3349.4,26.58,7763402752,2484215808,68.0,639,76,630797,Normal
1737204057167,2025-01-18 13:40:57,12339.38,3364.85,26.7,7763402752,2480222208,68.1,995,489,1087071,Normal
1737204069075,2025-01-18 13:41:09,12341.63,3382.56,26.94,7763402752,2476417024,68.1,598,0,677869,Normal
1737204080800,2025-01-18 13:41:20,12344.25,3399.87,27.01,7763402752,2430029824,68.7,592,18,679180,Normal
1737204092306,2025-01-18 13:41:32,12345.87,3418.16,27.09,7763402752,2531741696,67.4,870,15,985521,Normal
1737204103816,2025-01-18 13:41:43,12352.46,3431.06,27.19,7763402752,2516316160,67.6,637,4,691800,Normal
1737204115319,2025-01-18 13:41:55,12360.18,3442.74,27.3,7763402752,2540802048,67.3,401,28,407935,Normal
1737204126902,2025-01-18 13:42:06,12370.11,3452.2,27.41,7763402752,2501242880,67.8,564,17,591473,Normal
1737204138489,2025-01-18 13:42:18,12377.99,3463.86,27.48,7763402752,2492665856,67.9,550,6,560002,Normal
1737204150063,2025-01-18 13:42:30,12386.3,3474.94,27.52,7763402752,2488397824,67.9,388,16,423423,Normal
1737204161648,2025-01-18 13:42:41,12393.68,3487.05,27.58,7763402752,2497884160,67.8,240,3,236281,Normal
1737204173147,2025-01-18 13:42:53,12404.65,3495.41,27.64,7763402752,2514509824,67.6,325,23,306580,Normal
1737204184851,2025-01-18 13:43:04,12414.7,3505.1,27.68,7763402752,2520604672,67.5,540,0,575318,Normal
1737204196371,2025-01-18 13:43:16,12422.67,3516.53,27.74,7763402752,2500911104,67.8,575,10,642650,Normal
1737204208049,2025-01-18 13:43:28,12427.94,3531.31,27.81,7763402752,2473644032,68.1,376,15,382732,Normal
1737204219583,2025-01-18 13:43:39,12438.27,3540.65,27.88,7763402752,2515083264,67.6,634,438,714116,Normal
1737204231352,2025-01-18 13:43:51,12444.24,3554.08,28.18,7763402752,2436374528,68.6,952,795,1157596,Anomaly
1737204242993,2025-01-18 13:44:02,12448.18,3570.06,28.29,7763402752,2464370688,68.3,336,10,385615,Normal
1737204254525,2025-01-18 13:44:14,12450.59,3587.77,28.35,7763402752,2490839040,67.9,538,8,564746,Normal
1737204266027,2025-01-18 13:44:26,12459.35,3598.45,28.42,7763402752,2449911808,68.4,463,0,497910,Normal
1737204277542,2025-01-18 13:44:37,12469.27,3607.97,28.46,7763402752,2444709888,68.5,217,27,194312,Normal
1737204289298,2025-01-18 13:44:49,12478.32,3618.48,28.53,7763402752,2450227200,68.4,657,12,684998,Normal
1737204300857,2025-01-18 13:45:00,12486.36,3629.89,28.6,7763402752,2472329216,68.2,508,30,511607,Normal
1737204312432,2025-01-18 13:45:12,12494.6,3641.08,28.66,7763402752,2452393984,68.4,382,18,368203,Normal
1737204323999,2025-01-18 13:45:23,12502.82,3652.28,28.73,7763402752,2481463296,68.0,597,9,625122,Normal
1737204335582,2025-01-18 13:45:35,12512.45,3662.26,28.79,7763402752,2475388928,68.1,433,10,426233,Normal
1737204347087,2025-01-18 13:45:47,12521.36,3672.67,28.89,7763402752,2496241664,67.8,697,0,749020,Normal
1737204358620,2025-01-18 13:45:58,12529.41,3684.29,28.94,7763402752,2426150912,68.7,825,0,923841,Normal
1737204370194,2025-01-18 13:46:10,12536.02,3697.38,29.04,7763402752,2461958144,68.3,482,31,515811,Normal
1737204381752,2025-01-18 13:46:21,12543.95,3708.75,29.11,7763402752,2460688384,68.3,505,0,539968,Normal
1737204393323,2025-01-18 13:46:33,12552.54,3719.57,29.18,7763402752,2448900096,68.5,513,10,527699,Normal
1737204404913,2025-01-18 13:46:44,12560.9,3730.75,29.25,7763402752,2448564224,68.5,335,0,347233,Normal
1737204416418,2025-01-18 13:46:56,12570.88,3740.18,29.3,7763402752,2457550848,68.3,504,0,597849,Normal
1737204427931,2025-01-18 13:47:07,12580.8,3749.68,29.38,7763402752,2427043840,68.7,372,10,370289,Normal
1737204439524,2025-01-18 13:47:19,12588.14,3761.7,29.44,7763402752,2461282304,68.3,597,10,691781,Normal
1737204451193,2025-01-18 13:47:31,12592.22,3778.01,29.52,7763402752,2446897152,68.5,921,721,1107839,Normal
1737204462892,2025-01-18 13:47:42,12595.14,3794.99,29.68,7763402752,2394808320,69.2,871,857,1053273,Anomaly
1737204474561,2025-01-18 13:47:54,12598.1,3811.2,29.8,7763402752,2347921408,69.8,870,415,909621,Anomaly
1737204486380,2025-01-18 13:48:06,12600.36,3829.18,29.91,7763402752,2377949184,69.4,365,22,379922,Normal
1737204497949,2025-01-18 13:48:17,12606.39,3842.69,29.99,7763402752,2401431552,69.1,173,0,157824,Normal
1737204509445,2025-01-18 13:48:29,12616.47,3851.91,30.04,7763402752,2407948288,69.0,239,0,245861,Normal
1737204520973,2025-01-18 13:48:40,12626.68,3861.1,30.09,7763402752,2409619456,69.0,569,28,571456,Normal
1737204532476,2025-01-18 13:48:52,12636.21,3870.91,30.15,7763402752,2400755712,69.1,479,20,471044,Normal
1737204544049,2025-01-18 13:49:04,12644.54,3882.01,30.21,7763402752,2371887104,69.4,502,28,471430,Normal
1737204555622,2025-01-18 13:49:15,12651.92,3894.26,30.27,7763402752,2403377152,69.0,484,0,571510,Normal
1737204567172,2025-01-18 13:49:27,12659.94,3905.76,30.34,7763402752,2409906176,69.0,470,10,483731,Normal
1737204578851,2025-01-18 13:49:38,12669.81,3915.53,30.43,7763402752,2405736448,69.0,309,38,283540,Normal
1737204590570,2025-01-18 13:49:50,12679.3,3925.71,30.5,7763402752,2354151424,69.7,473,26,489707,Normal
1737204602066,2025-01-18 13:50:02,12687.95,3936.52,30.56,7763402752,2375868416,69.4,518,33,505621,Normal
1737204613579,2025-01-18 13:50:13,12696.12,3947.89,30.61,7763402752,2388221952,69.2,655,28,705376,Normal
1737204625210,2025-01-18 13:50:25,12702.51,3960.89,30.68,7763402752,2417868800,68.9,447,13,449854,Normal
1737204636837,2025-01-18 13:50:36,12712.33,3970.55,30.73,7763402752,2392735744,69.2,513,36,513014,Normal
1737204648411,2025-01-18 13:50:48,12720.65,3981.68,30.81,7763402752,2381099008,69.3,217,12,221227,Normal
1737204659978,2025-01-18 13:50:59,12730.76,3991.02,30.85,7763402752,2375094272,69.4,971,30,1067155,Normal
1737204671518,2025-01-18 13:51:11,12736.45,4005.11,30.96,7763402752,2391670784,69.2,679,0,717839,Normal
1737204683059,2025-01-18 13:51:23,12744.59,4016.36,31.06,7763402752,2391142400,69.2,326,0,332769,Normal
1737204694561,2025-01-18 13:51:34,12754.08,4026.15,31.1,7763402752,2366119936,69.5,570,25,620256,Normal
1737204706070,2025-01-18 13:51:46,12761.95,4037.57,31.16,7763402752,2381627392,69.3,310,0,322113,Normal
1737204717612,2025-01-18 13:51:57,12771.29,4047.5,31.22,7763402752,2386862080,69.3,458,16,471086,Normal
1737204729180,2025-01-18 13:52:09,12778.95,4059.28,31.27,7763402752,2380873728,69.3,216,15,213696,Normal
1737204740677,2025-01-18 13:52:20,12786.6,4071.45,31.32,7763402752,2392248320,69.2,462,12,528490,Normal
1737204752375,2025-01-18 13:52:32,12790.17,4087.76,31.38,7763402752,2336948224,69.9,388,3,410826,Normal
1737204763965,2025-01-18 13:52:43,12798.83,4098.28,31.52,7763402752,2349256704,69.7,430,14,448371,Anomaly
1737204775495,2025-01-18 13:52:55,12803.07,4111.77,31.57,7763402752,2324684800,70.1,341,16,380802,Normal
1737204787220,2025-01-18 13:53:07,12808.34,4126.32,31.67,7763402752,2379866112,69.3,520,0,526124,Normal
1737204798808,2025-01-18 13:53:18,12816.16,4138.07,31.72,7763402752,2409594880,69.0,255,15,234123,Normal
1737204810413,2025-01-18 13:53:30,12825.79,4147.64,31.78,7763402752,2404564992,69.0,332,15,318947,Normal
1737204821986,2025-01-18 13:53:41,12835.21,4157.55,31.83,7763402752,2366799872,69.5,400,0,405577,Normal
1737204833555,2025-01-18 13:53:53,12845.68,4166.47,31.88,7763402752,2370826240,69.5,584,12,653346,Normal
1737204845064,2025-01-18 13:54:05,12854.38,4177.24,31.95,7763402752,2364690432,69.5,517,0,547764,Normal
1737204856583,2025-01-18 13:54:16,12861.76,4189.24,32.05,7763402752,2474774528,68.1,483,0,512853,Normal
1737204868123,2025-01-18 13:54:28,12869.59,4200.79,32.11,7763402752,2473799680,68.1,260,28,239783,Normal
1737204879701,2025-01-18 13:54:39,12880.02,4209.67,32.17,7763402752,2501722112,67.8,472,0,484557,Normal
1737204891266,2025-01-18 13:54:51,12887.45,4221.63,32.23,7763402752,2444759040,68.5,408,22,399884,Normal
1737204902824,2025-01-18 13:55:02,12896.26,4232.21,32.27,7763402752,2479640576,68.1,424,0,432795,Normal
1737204914389,2025-01-18 13:55:14,12905.45,4242.53,32.33,7763402752,2468999168,68.2,471,16,453175,Normal
1737204925889,2025-01-18 13:55:25,12913.36,4253.93,32.4,7763402752,2492620800,67.9,408,12,391093,Normal
1737204937657,2025-01-18 13:55:37,12922.52,4264.52,32.44,7763402752,2477821952,68.1,122,0,106952,Normal
1737204949224,2025-01-18 13:55:49,12932.26,4274.25,32.5,7763402752,2491809792,67.9,320,0,323510,Normal
1737204960767,2025-01-18 13:56:00,12941.8,4284.1,32.53,7763402752,2476744704,68.1,589,0,616238,Normal
1737204972386,2025-01-18 13:56:12,12949.11,4296.41,32.6,7763402752,2489077760,67.9,530,22,548340,Normal
1737204984120,2025-01-18 13:56:24,12951.31,4314.51,32.66,7763402752,2492841984,67.9,566,30,532366,Normal
1737204995995,2025-01-18 13:56:35,12957.7,4328.43,32.75,7763402752,2458828800,68.3,398,78,374507,Anomaly
1737205007651,2025-01-18 13:56:47,12961.02,4344.68,32.91,7763402752,2272137216,70.7,783,589,831374,Anomaly
1737205019286,2025-01-18 13:56:59,12964.33,4360.16,33.02,7763402752,2372915200,69.4,385,0,402523,Normal
1737205030860,2025-01-18 13:57:10,12969.96,4374.21,33.07,7763402752,2456625152,68.4,571,0,628170,Normal
1737205042393,2025-01-18 13:57:22,12977.84,4385.58,33.14,7763402752,2446696448,68.5,276,45,248077,Normal
1737205053973,2025-01-18 13:57:33,12987.22,4395.62,33.19,7763402752,2443038720,68.5,585,22,617626,Normal
1737205065563,2025-01-18 13:57:45,12995.75,4406.47,33.24,7763402752,2445619200,68.5,767,0,803025,Normal
1737205077449,2025-01-18 13:57:57,13004.08,4418.21,33.32,7763402752,2445287424,68.5,480,9,483836,Normal
1737205088981,2025-01-18 13:58:08,13013.23,4428.48,33.39,7763402752,2437447680,68.6,369,12,366992,Normal
1737205100489,2025-01-18 13:58:20,13021.19,4439.75,33.49,7763402752,2440839168,68.6,564,20,576520,Normal
1737205112133,2025-01-18 13:58:32,13029.9,4450.59,33.55,7763402752,2462171136,68.3,879,13,976023,Normal
1737205123716,2025-01-18 13:58:43,13037.65,4462.34,33.66,7763402752,2459889664,68.3,457,0,457168,Normal
1737205135292,2025-01-18 13:58:55,13046.15,4473.25,33.72,7763402752,2467733504,68.2,112,22,81579,Normal
1737205146868,2025-01-18 13:59:06,13056.63,4482.09,33.75,7763402752,2450726912,68.4,16,12,2960,Normal
1737205158440,2025-01-18 13:59:18,13067.48,4490.69,33.76,7763402752,2448584704,68.5,0,0,0,Normal
1737205169960,2025-01-18 13:59:29,13079.42,4498.08,33.79,7763402752,2435698688,68.6,61,30,20730,Normal
1737205181594,2025-01-18 13:59:41,13090.15,4506.78,33.81,7763402752,2453209088,68.4,1,0,60,Normal
1737205193111,2025-01-18 13:59:53,13101.02,4515.35,33.84,7763402752,2451947520,68.4,5,3,378,Normal
1737205204669,2025-01-18 14:00:04,13111.99,4523.68,33.85,7763402752,2445963264,68.5,20,0,8114,Normal
1737205216250,2025-01-18 14:00:16,13122.44,4532.56,33.88,7763402752,2456338432,68.4,17,0,11020,Normal
1737205228050,2025-01-18 14:00:28,13131.96,4542.62,33.91,7763402752,2458107904,68.3,0,0,0,Normal
1737205239620,2025-01-18 14:00:39,13142.87,4551.1,33.93,7763402752,2441089024,68.6,43,20,15686,Normal
1737205251134,2025-01-18 14:00:51,13153.73,4559.62,33.96,7763402752,2436812800,68.6,84,3,60748,Normal
1737205262648,2025-01-18 14:01:02,13162.5,4570.11,34.0,7763402752,2406498304,69.0,10,0,3553,Normal
1737205274126,2025-01-18 14:01:14,13175.36,4577.66,34.03,7763402752,2443657216,68.5,320,306,358148,Normal
1737205285578,2025-01-18 14:01:25,13190.46,4582.83,34.06,7763402752,2418511872,68.8,0,0,0,Normal
1737205297023,2025-01-18 14:01:37,13203.32,4590.82,34.08,7763402752,2444283904,68.5,25,16,2943,Anomaly
1737205308482,2025-01-18 14:01:48,13217.63,4595.87,34.11,7763402752,2398547968,69.1,0,0,0,Normal
1737205320031,2025-01-18 14:02:00,13229.0,4605.59,34.14,7763402752,2434564096,68.6,39,15,11797,Normal
1737205331496,2025-01-18 14:02:11,13247.65,4607.72,34.16,7763402752,2432360448,68.7,23,5,7057,Normal
1737205342930,2025-01-18 14:02:22,13262.38,4613.09,34.19,7763402752,2423713792,68.8,604,0,566142,Normal
1737205354386,2025-01-18 14:02:34,13267.69,4627.89,34.23,7763402752,2458701824,68.3,1111,3,1196140,Normal
1737205366103,2025-01-18 14:02:46,13268.58,4646.85,34.46,7763402752,2401878016,69.1,238,25,119219,Normal
1737205377873,2025-01-18 14:02:57,13270.43,4664.63,34.51,7763402752,2440310784,68.6,736,3,825130,Normal
1737205389731,2025-01-18 14:03:09,13275.36,4679.44,34.63,7763402752,2471972864,68.2,353,0,401273,Normal
1737205401342,2025-01-18 14:03:21,13281.57,4692.47,34.68,7763402752,2437472256,68.6,13,0,5463,Normal
1737205412897,2025-01-18 14:03:32,13289.46,4703.85,34.7,7763402752,2476564480,68.1,41,3,17525,Normal
1737205424712,2025-01-18 14:03:44,13293.56,4719.23,34.8,7763402752,2456330240,68.4,592,25,586260,Normal
1737205436465,2025-01-18 14:03:56,13301.12,4731.73,34.87,7763402752,2467160064,68.2,324,0,317104,Normal
1737205447944,2025-01-18 14:04:07,13310.66,4742.18,34.98,7763402752,2453655552,68.4,1336,0,1492549,Normal
1737205459572,2025-01-18 14:04:19,13316.98,4755.9,35.08,7763402752,2474070016,68.1,1057,0,1158179,Normal
1737205471285,2025-01-18 14:04:31,13317.24,4775.34,35.27,7763402752,2408083456,69.0,294,3,296777,Normal
1737205483049,2025-01-18 14:04:43,13325.94,4786.97,35.4,7763402752,2426884096,68.7,295,6,251471,Normal
1737205494822,2025-01-18 14:04:54,13336.04,4797.34,35.45,7763402752,2448007168,68.5,0,0,0,Normal
1737205506264,2025-01-18 14:05:06,13351.32,4802.29,35.48,7763402752,2425753600,68.8,1,0,60,Normal
1737205517749,2025-01-18 14:05:17,13365.13,4808.94,35.51,7763402752,2428235776,68.7,817,240,912440,Normal
1737205529394,2025-01-18 14:05:29,13368.62,4824.71,35.64,7763402752,2355470336,69.7,676,19,681225,Normal
1737205541203,2025-01-18 14:05:41,13368.91,4844.31,35.81,7763402752,2229440512,71.3,1028,6,1147633,Anomaly
1737205552893,2025-01-18 14:05:52,13369.66,4862.95,36.01,7763402752,2330533888,70.0,1138,0,1286942,Normal
1737205564826,2025-01-18 14:06:04,13371.43,4882.2,36.07,7763402752,2372059136,69.4,631,0,664333,Normal
1737205576650,2025-01-18 14:06:16,13375.04,4898.31,36.28,7763402752,2362818560,69.6,489,0,496496,Normal
1737205588313,2025-01-18 14:06:28,13382.48,4910.4,36.35,7763402752,2371149824,69.5,676,0,629777,Normal
1737205599917,2025-01-18 14:06:39,13387.24,4925.18,36.41,7763402752,2381758464,69.3,808,31,832553,Normal
1737205611720,2025-01-18 14:06:51,13389.39,4942.67,36.7,7763402752,2332962816,69.9,1002,0,1163030,Normal
1737205623511,2025-01-18 14:07:03,13389.89,4962.28,36.91,7763402752,2314584064,70.2,703,0,839290,Normal
1737205635019,2025-01-18 14:07:15,13394.09,4977.88,37.02,7763402752,2342248448,69.8,1025,0,1099277,Normal
1737205646926,2025-01-18 14:07:26,13394.52,4997.42,37.2,7763402752,2228768768,71.3,2,0,150,Normal
1737205658659,2025-01-18 14:07:38,13411.03,5001.81,37.22,7763402752,2221461504,71.4,2,0,102,Normal
1737205670103,2025-01-18 14:07:50,13429.49,5003.93,37.25,7763402752,2215694336,71.5,5,4,402,Normal
1737205681536,2025-01-18 14:08:01,13447.18,5006.91,37.28,7763402752,2226782208,71.3,2,0,102,Normal
1737205692988,2025-01-18 14:08:12,13464.22,5010.66,37.3,7763402752,2298675200,70.4,1,0,60,Normal
1737205704431,2025-01-18 14:08:24,13481.02,5014.46,37.33,7763402752,2354405376,69.7,2,0,102,Normal
1737205715875,2025-01-18 14:08:35,13499.73,5016.46,37.35,7763402752,2345603072,69.8,1,0,60,Normal
1737205727316,2025-01-18 14:08:47,13517.21,5019.71,37.38,7763402752,2345230336,69.8,6,2,848,Normal
1737205738749,2025-01-18 14:08:58,13534.92,5022.73,37.4,7763402752,2336780288,69.9,37,3,5222,Normal
1737205750218,2025-01-18 14:09:10,13552.09,5026.11,37.43,7763402752,2341859328,69.8,3,0,224,Normal
1737205761654,2025-01-18 14:09:21,13569.67,5029.19,37.45,7763402752,2330386432,70.0,5,0,362,Normal
1737205773095,2025-01-18 14:09:33,13586.33,5033.01,37.47,7763402752,2312441856,70.2,40,35,13372,Normal
1737205784536,2025-01-18 14:09:44,13602.56,5037.24,37.5,7763402752,2302701568,70.3,10,6,681,Normal
1737205795974,2025-01-18 14:09:55,13620.39,5040.11,37.52,7763402752,2315210752,70.2,0,0,0,Normal
1737205807417,2025-01-18 14:10:07,13638.99,5042.23,37.54,7763402752,2318905344,70.1,2,0,102,Normal
1737205819132,2025-01-18 14:10:19,13656.54,5045.74,37.56,7763402752,2316824576,70.2,14,12,1478,Normal
1737205830577,2025-01-18 14:10:30,13673.81,5049.02,37.57,7763402752,2326659072,70.0,8,3,558,Normal
1737205842016,2025-01-18 14:10:42,13691.57,5051.99,37.59,7763402752,2318094336,70.1,43,20,15687,Normal
1737205853460,2025-01-18 14:10:53,13709.24,5055.01,37.62,7763402752,2318512128,70.1,2,0,102,Normal
1737205864912,2025-01-18 14:11:04,13727.98,5057.03,37.64,7763402752,2339405824,69.9,2,0,120,Normal
1737205876350,2025-01-18 14:11:16,13744.59,5061.19,37.67,7763402752,2320822272,70.1,2,0,102,Normal
1737205887790,2025-01-18 14:11:27,13762.24,5064.14,37.68,7763402752,2320838656,70.1,8,3,656,Normal
1737205899229,2025-01-18 14:11:39,13779.91,5067.22,37.71,7763402752,2323492864,70.1,5,3,378,Normal
1737205910676,2025-01-18 14:11:50,13798.58,5069.24,37.73,7763402752,2314768384,70.2,1,0,60,Normal
1737205922109,2025-01-18 14:12:02,13816.43,5071.99,37.75,7763402752,2318422016,70.1,21,15,3780,Normal
1737205933540,2025-01-18 14:12:13,13834.23,5074.8,37.78,7763402752,2308612096,70.3,1,0,60,Normal
1737205944986,2025-01-18 14:12:24,13852.04,5077.74,37.8,7763402752,2306301952,70.3,10,7,705,Normal
1737205956419,2025-01-18 14:12:36,13867.75,5082.34,37.82,7763402752,2376515584,69.4,5,3,378,Normal
1737205967908,2025-01-18 14:12:47,13876.29,5093.41,37.87,7763402752,2341879808,69.8,0,0,0,Normal
1737370785117,2025-01-20 11:59:45,9203.68,1780.81,20.06,7763402752,3768168448,51.5,4,0,240,Normal
1737370797185,2025-01-20 11:59:57,9222.74,1783.51,20.1,7763402752,3743956992,51.8,50,11,16352,Normal
1737370808586,2025-01-20 12:00:08,9240.78,1786.48,20.13,7763402752,3710967808,52.2,3,1,408,Normal
1737370819992,2025-01-20 12:00:19,9249.33,1789.52,20.36,7763402752,3698335744,52.4,1,0,498,Normal
1737370831435,2025-01-20 12:00:31,9256.59,1793.67,20.57,7763402752,3696656384,52.4,3,3,703,Normal
1737370843064,2025-01-20 12:00:43,9257.81,1811.33,20.78,7763402752,3685117952,52.5,34,25,12826,Normal
1737370854619,2025-01-20 12:00:54,9270.11,1819.07,20.85,7763402752,3689246720,52.5,3,3,276,Normal
1737370866035,2025-01-20 12:01:06,9272.57,1837.63,20.87,7763402752,3762483200,51.5,0,0,0,Normal
1737370877454,2025-01-20 12:01:17,9290.77,1840.43,20.9,7763402752,3769077760,51.5,363,349,399448,Normal
1737370888866,2025-01-20 12:01:28,9301.96,1849.86,20.98,7763402752,3705393152,52.3,307,281,403773,Normal
1737370900443,2025-01-20 12:01:40,9305.84,1866.16,21.02,7763402752,3673051136,52.7,820,794,1055569,Anomaly
1737370912022,2025-01-20 12:01:52,9311.91,1880.84,21.13,7763402752,3589738496,53.8,287,249,196701,Anomaly
1737370923647,2025-01-20 12:02:03,9314.45,1898.72,21.16,7763402752,3654291456,52.9,6,3,863,Normal
1737370935372,2025-01-20 12:02:15,9325.03,1909.64,21.18,7763402752,3648983040,53.0,9,7,630,Normal
1737370946791,2025-01-20 12:02:26,9342.77,1912.83,21.21,7763402752,3646087168,53.0,78,78,45136,Normal
1737370958285,2025-01-20 12:02:38,9352.38,1923.67,21.24,7763402752,3656773632,52.9,27,25,7551,Normal
1737370969705,2025-01-20 12:02:49,9367.2,1929.11,21.27,7763402752,3636957184,53.2,49,41,15850,Normal
1737370981245,2025-01-20 12:03:01,9374.7,1942.36,21.29,7763402752,3635974144,53.2,2,0,120,Normal
1737370992835,2025-01-20 12:03:12,9387.98,1949.92,21.32,7763402752,3605860352,53.6,6,5,1146,Normal
1737371004271,2025-01-20 12:03:24,9396.99,1961.57,21.35,7763402752,3587276800,53.8,633,406,358252,Normal
1737371015708,2025-01-20 12:03:35,9403.18,1974.96,21.43,7763402752,3401498624,56.2,186,184,112061,Normal
1737371027484,2025-01-20 12:03:47,9414.01,1984.97,21.47,7763402752,3459973120,55.4,70,51,32568,Normal
1737371039110,2025-01-20 12:03:59,9422.85,1996.58,21.51,7763402752,3432185856,55.8,5,3,800,Normal
1737371050622,2025-01-20 12:04:10,9434.2,2005.97,21.53,7763402752,3444961280,55.6,3,3,702,Normal
1737371062062,2025-01-20 12:04:22,9447.64,2013.17,21.55,7763402752,3422937088,55.9,79,79,37758,Normal
1737371073481,2025-01-20 12:04:33,9464.54,2016.86,21.58,7763402752,3426758656,55.9,4,2,344,Normal
1737371084999,2025-01-20 12:04:44,9477.61,2024.37,21.6,7763402752,3412742144,56.0,15,15,1700,Normal
1737371096423,2025-01-20 12:04:56,9490.79,2031.72,21.63,7763402752,3452116992,55.5,11,3,1706,Normal
1737371107860,2025-01-20 12:05:07,9503.86,2039.06,21.65,7763402752,3457835008,55.5,5,5,393,Normal
1737371119306,2025-01-20 12:05:19,9520.56,2042.92,21.68,7763402752,3441332224,55.7,9,9,1252,Normal
1737371130924,2025-01-20 12:05:30,9534.06,2050.15,21.7,7763402752,3438198784,55.7,13,3,3731,Normal
1737371142366,2025-01-20 12:05:42,9548.1,2056.9,21.72,7763402752,3447554048,55.6,9,6,812,Normal
1737371153794,2025-01-20 12:05:53,9562.46,2063.08,21.75,7763402752,3442733056,55.7,0,0,0,Normal
1737371165238,2025-01-20 12:06:05,9577.63,2068.45,21.77,7763402752,3443470336,55.6,101,91,42238,Normal
1737371176944,2025-01-20 12:06:16,9592.78,2074.24,21.79,7763402752,3434860544,55.8,10,10,1224,Normal
1737371188372,2025-01-20 12:06:28,9605.55,2081.81,21.81,7763402752,3450572800,55.6,11,9,1318,Normal
1737371199827,2025-01-20 12:06:39,9619.96,2087.91,21.84,7763402752,3462656000,55.4,10,10,775,Normal
1737371211281,2025-01-20 12:06:51,9634.22,2094.31,21.86,7763402752,3445555200,55.6,4,4,766,Normal
1737371222738,2025-01-20 12:07:02,9650.63,2098.29,21.89,7763402752,3440738304,55.7,9,7,1142,Normal
1737371234182,2025-01-20 12:07:14,9665.28,2104.22,21.92,7763402752,3449077760,55.6,0,0,0,Normal
1737371245600,2025-01-20 12:07:25,9677.83,2112.23,21.94,7763402752,3433619456,55.8,10,3,1209,Normal
1737371257035,2025-01-20 12:07:37,9692.93,2117.63,21.97,7763402752,3445170176,55.6,8,3,981,Normal
1737371268468,2025-01-20 12:07:48,9708.69,2122.27,21.99,7763402752,3441082368,55.7,74,68,38304,Normal
1737371279890,2025-01-20 12:07:59,9722.81,2128.7,22.02,7763402752,3423133696,55.9,6,3,456,Normal
1737371291336,2025-01-20 12:08:11,9737.06,2134.93,22.05,7763402752,3431960576,55.8,3,3,699,Normal
1737371302783,2025-01-20 12:08:22,9751.38,2141.18,22.07,7763402752,3409928192,56.1,5,3,819,Normal
1737371314213,2025-01-20 12:08:34,9767.26,2145.65,22.09,7763402752,3424555008,55.9,65,57,13329,Normal
1737371325796,2025-01-20 12:08:45,9781.82,2151.82,22.13,7763402752,3427663872,55.8,11,7,1256,Normal
1737371337214,2025-01-20 12:08:57,9796.26,2157.79,22.15,7763402752,3417890816,56.0,9,9,1156,Normal
1737371348669,2025-01-20 12:09:08,9811.15,2163.46,22.16,7763402752,3474735104,55.2,2,0,102,Normal
1737371360088,2025-01-20 12:09:20,9827.0,2168.13,22.18,7763402752,3470741504,55.3,5,0,1811,Normal
1737371371763,2025-01-20 12:09:31,9841.23,2174.75,22.2,7763402752,3453231104,55.5,176,164,56268,Normal
1737371383389,2025-01-20 12:09:43,9843.68,2193.04,22.25,7763402752,3374731264,56.5,90,87,10229,Normal
1737371395067,2025-01-20 12:09:55,9845.37,2211.71,22.29,7763402752,3392847872,56.3,92,87,13980,Normal
1737371406688,2025-01-20 12:10:06,9846.58,2229.9,22.33,7763402752,3465609216,55.4,277,253,103710,Normal
1737371418171,2025-01-20 12:10:18,9849.05,2248.0,22.38,7763402752,3491319808,55.0,869,837,948497,Normal
1737371429853,2025-01-20 12:10:29,9849.45,2267.99,22.55,7763402752,3485777920,55.1,41,38,20425,Normal
1737371441550,2025-01-20 12:10:41,9861.65,2276.57,22.57,7763402752,3600375808,53.6,14,5,1485,Normal
1737371452970,2025-01-20 12:10:52,9875.84,2282.87,22.6,7763402752,3621605376,53.4,12,8,1357,Normal
1737371464404,2025-01-20 12:11:04,9888.42,2290.55,22.63,7763402752,3651575808,53.0,16,14,1575,Normal
1737371475844,2025-01-20 12:11:15,9901.8,2297.66,22.67,7763402752,3622572032,53.3,115,113,23756,Normal
1737371487517,2025-01-20 12:11:27,9907.65,2312.3,22.71,7763402752,3461505024,55.4,107,102,11331,Normal
1737371499256,2025-01-20 12:11:39,9912.62,2328.35,22.75,7763402752,3515424768,54.7,102,98,15451,Normal
1737371510886,2025-01-20 12:11:50,9917.74,2343.98,22.78,7763402752,3498635264,54.9,98,93,10279,Normal
1737371522519,2025-01-20 12:12:02,9922.02,2360.61,22.81,7763402752,3499573248,54.9,82,80,8610,Normal
1737371533934,2025-01-20 12:12:13,9928.09,2374.81,22.85,7763402752,3489746944,55.0,93,89,9877,Normal
1737371545635,2025-01-20 12:12:25,9934.13,2389.69,22.9,7763402752,3500167168,54.9,39,33,7309,Normal
1737371557258,2025-01-20 12:12:37,9947.14,2397.46,22.93,7763402752,3478544384,55.2,10,4,606,Normal
1737371568680,2025-01-20 12:12:48,9963.05,2402.17,22.94,7763402752,3650228224,53.0,89,85,39406,Normal
1737371580104,2025-01-20 12:13:00,9978.04,2407.63,22.98,7763402752,3628826624,53.3,229,117,77628,Normal
1737371591830,2025-01-20 12:13:11,9987.27,2418.3,23.03,7763402752,3530432512,54.5,409,275,190855,Normal
1737371603421,2025-01-20 12:13:23,9989.16,2435.64,23.11,7763402752,3352842240,56.8,74,74,16004,Normal
1737371615064,2025-01-20 12:13:35,10000.71,2444.41,23.14,7763402752,3425918976,55.9,31,29,3836,Normal
1737371626497,2025-01-20 12:13:46,10011.13,2453.99,23.17,7763402752,3422892032,55.9,275,275,106341,Normal
1737371637936,2025-01-20 12:13:57,10021.17,2463.77,23.22,7763402752,3421261824,55.9,59,45,7584,Normal
1737371649379,2025-01-20 12:14:09,10030.57,2474.43,23.25,7763402752,3433897984,55.8,133,132,25432,Normal
1737371660820,2025-01-20 12:14:20,10041.39,2483.52,23.28,7763402752,3411447808,56.1,64,62,9712,Normal
1737371672317,2025-01-20 12:14:32,10053.7,2491.3,23.32,7763402752,3446566912,55.6,98,98,31724,Normal
1737371683756,2025-01-20 12:14:43,10069.05,2496.2,23.35,7763402752,3410227200,56.1,12,10,1315,Normal
1737371695434,2025-01-20 12:14:55,10084.45,2501.6,23.38,7763402752,3419656192,56.0,43,14,13707,Normal
1737371706865,2025-01-20 12:15:06,10100.35,2506.07,23.4,7763402752,3407114240,56.1,9,7,1105,Normal
1737371718296,2025-01-20 12:15:18,10114.68,2511.97,23.42,7763402752,3411865600,56.1,32,26,4262,Normal
1737371729807,2025-01-20 12:15:29,10126.48,2520.21,23.45,7763402752,3425386496,55.9,30,26,4726,Normal
1737371741519,2025-01-20 12:15:41,10138.21,2528.68,23.47,7763402752,3395325952,56.3,17,12,1296,Normal
1737371753143,2025-01-20 12:15:53,10149.27,2537.83,23.5,7763402752,3402207232,56.2,40,36,5016,Normal
1737371764583,2025-01-20 12:16:04,10160.63,2546.66,23.51,7763402752,3403739136,56.2,48,46,4957,Normal
1737371776197,2025-01-20 12:16:16,10170.85,2556.74,23.54,7763402752,3392892928,56.3,156,147,72664,Normal
1737371787752,2025-01-20 12:16:27,10182.8,2564.71,23.57,7763402752,3373625344,56.5,100,84,35180,Normal
1737371799186,2025-01-20 12:16:39,10193.32,2573.91,23.6,7763402752,3382923264,56.4,72,67,30643,Normal
1737371810611,2025-01-20 12:16:50,10202.67,2584.32,23.63,7763402752,3397066752,56.2,5,5,688,Normal
1737371822050,2025-01-20 12:17:02,10212.96,2593.82,23.65,7763402752,3396792320,56.2,4,0,222,Normal
1737371833476,2025-01-20 12:17:13,10226.71,2600.71,23.68,7763402752,3410911232,56.1,82,65,22156,Normal
1737371845067,2025-01-20 12:17:25,10237.22,2610.59,23.82,7763402752,3396898816,56.2,33,21,3695,Anomaly
1737371856590,2025-01-20 12:17:36,10243.04,2623.04,23.85,7763402752,3367239680,56.6,16,16,1404,Anomaly
1737371868143,2025-01-20 12:17:48,10247.05,2638.54,23.87,7763402752,3095281664,60.1,716,698,816901,Anomaly
1737371879883,2025-01-20 12:17:59,10251.94,2653.31,23.93,7763402752,3372634112,56.6,103,95,43241,Normal
1737371891342,2025-01-20 12:18:11,10263.3,2662.12,23.96,7763402752,3378540544,56.5,98,90,21608,Normal
1737371902960,2025-01-20 12:18:22,10272.3,2673.11,23.99,7763402752,3388907520,56.3,30,23,4478,Normal
1737371914405,2025-01-20 12:18:34,10282.09,2683.23,24.02,7763402752,3374067712,56.5,46,44,9061,Normal
1737371925947,2025-01-20 12:18:45,10295.91,2689.59,24.05,7763402752,3350810624,56.8,72,68,15607,Normal
1737371937380,2025-01-20 12:18:57,10307.81,2697.59,24.07,7763402752,3371737088,56.6,70,64,13007,Normal
1737371948836,2025-01-20 12:19:08,10319.8,2705.58,24.09,7763402752,3373428736,56.5,45,43,7403,Normal
1737371960346,2025-01-20 12:19:20,10331.25,2714.1,24.13,7763402752,3385905152,56.4,55,51,10419,Normal
1737371971883,2025-01-20 12:19:31,10342.97,2722.31,24.16,7763402752,3386720256,56.4,109,105,22335,Normal
1737371983626,2025-01-20 12:19:43,10353.19,2732.51,24.2,7763402752,3363782656,56.7,174,172,63208,Normal
1737371995087,2025-01-20 12:19:55,10363.17,2742.45,24.24,7763402752,3377324032,56.5,36,34,7834,Normal
1737372006778,2025-01-20 12:20:06,10373.48,2752.34,24.27,7763402752,3381522432,56.4,16,14,1743,Normal
1737372018277,2025-01-20 12:20:18,10388.65,2757.76,24.29,7763402752,3401441280,56.2,7,6,1065,Normal
1737372029828,2025-01-20 12:20:29,10405.08,2761.87,24.32,7763402752,3393826816,56.3,4,4,342,Normal
1737372041263,2025-01-20 12:20:41,10420.71,2766.75,24.34,7763402752,3379851264,56.5,18,16,2099,Normal
1737372052704,2025-01-20 12:20:52,10435.93,2772.03,24.35,7763402752,3376705536,56.5,16,13,1641,Normal
1737372064144,2025-01-20 12:21:04,10452.18,2776.19,24.37,7763402752,3389513728,56.3,14,5,2668,Normal
1737372075595,2025-01-20 12:21:15,10469.47,2779.38,24.39,7763402752,3390566400,56.3,16,9,2633,Normal
1737372087037,2025-01-20 12:21:27,10483.96,2784.64,24.42,7763402752,3393683456,56.3,182,160,65429,Normal
1737372098536,2025-01-20 12:21:38,10496.9,2791.95,24.46,7763402752,3375247360,56.5,35,34,5048,Normal
1737372109962,2025-01-20 12:21:49,10509.61,2799.4,24.48,7763402752,3371393024,56.6,115,110,19656,Normal
1737372121424,2025-01-20 12:22:01,10521.47,2807.47,24.51,7763402752,3361230848,56.7,79,79,13655,Normal
1737372132953,2025-01-20 12:22:12,10532.32,2816.83,24.54,7763402752,3358285824,56.7,89,84,14641,Normal
1737372144404,2025-01-20 12:22:24,10540.75,2828.05,24.57,7763402752,3369152512,56.6,84,83,35600,Normal
1737372155973,2025-01-20 12:22:35,10552.52,2836.61,24.61,7763402752,3372064768,56.6,10,10,762,Normal
1737372167421,2025-01-20 12:22:47,10569.06,2840.47,24.63,7763402752,3389771776,56.3,12,7,1303,Normal
1737372179141,2025-01-20 12:22:59,10585.3,2845.11,24.66,7763402752,3373309952,56.5,5,5,870,Normal
1737372190578,2025-01-20 12:23:10,10601.63,2849.28,24.67,7763402752,3380555776,56.5,93,93,40788,Normal
1737372202019,2025-01-20 12:23:22,10617.35,2853.92,24.71,7763402752,3395178496,56.3,16,13,1293,Normal
1737372213472,2025-01-20 12:23:33,10633.54,2858.21,24.73,7763402752,3395641344,56.3,5,5,870,Normal
1737372224918,2025-01-20 12:23:44,10650.35,2861.78,24.75,7763402752,3398070272,56.2,3,3,701,Normal
1737372236370,2025-01-20 12:23:56,10663.84,2868.24,24.78,7763402752,3376640000,56.5,56,40,13825,Normal
1737372247810,2025-01-20 12:24:07,10676.06,2876.11,24.81,7763402752,3357126656,56.8,10,10,1297,Normal
1737372259262,2025-01-20 12:24:19,10690.46,2881.79,24.84,7763402752,3361574912,56.7,17,11,2232,Normal
1737372270695,2025-01-20 12:24:30,10704.58,2887.54,24.86,7763402752,3361284096,56.7,16,16,2948,Normal
1737372282125,2025-01-20 12:24:42,10715.6,2896.49,24.89,7763402752,3336171520,57.0,35,28,6301,Normal
1737372293568,2025-01-20 12:24:53,10728.77,2903.3,24.91,7763402752,3380920320,56.5,75,73,38278,Normal
1737372305006,2025-01-20 12:25:05,10739.97,2912.0,24.95,7763402752,3360890880,56.7,86,73,18691,Normal
1737372316473,2025-01-20 12:25:16,10753.53,2918.46,24.98,7763402752,3322347520,57.2,5,3,376,Normal
1737372327900,2025-01-20 12:25:27,10766.53,2925.45,25.0,7763402752,3341008896,57.0,48,42,11848,Normal
1737372339321,2025-01-20 12:25:39,10777.92,2933.89,25.04,7763402752,3326177280,57.2,20,18,4251,Normal
1737372350909,2025-01-20 12:25:50,10788.33,2943.42,25.07,7763402752,3374075904,56.5,7,5,974,Normal
1737372362512,2025-01-20 12:26:02,10803.98,2948.07,25.09,7763402752,3377012736,56.5,2,2,171,Normal
1737372374191,2025-01-20 12:26:14,10818.65,2953.99,25.11,7763402752,3359350784,56.7,8,6,1058,Normal
1737372385752,2025-01-20 12:26:25,10831.52,2961.47,25.13,7763402752,3355549696,56.8,8,5,1132,Normal
1737372397209,2025-01-20 12:26:37,10844.41,2968.63,25.16,7763402752,3360595968,56.7,108,98,45410,Normal
1737372408661,2025-01-20 12:26:48,10858.97,2974.48,25.19,7763402752,3359145984,56.7,26,23,2463,Normal
1737372420301,2025-01-20 12:27:00,10872.44,2981.32,25.22,7763402752,3377336320,56.5,10,10,1249,Normal
1737372431838,2025-01-20 12:27:11,10885.78,2988.02,25.24,7763402752,3333816320,57.1,24,9,3135,Normal
1737372443306,2025-01-20 12:27:23,10898.0,2995.82,25.28,7763402752,3334856704,57.0,59,49,11265,Normal
1737372454925,2025-01-20 12:27:34,10909.58,3004.33,25.3,7763402752,3354746880,56.8,50,48,8847,Normal
1737372466366,2025-01-20 12:27:46,10923.44,3010.39,25.33,7763402752,3340906496,57.0,25,25,5512,Normal
1737372477842,2025-01-20 12:27:57,10935.46,3018.33,25.35,7763402752,3344891904,56.9,4,2,273,Normal
1737372489428,2025-01-20 12:28:09,10948.6,3025.47,25.38,7763402752,3328790528,57.1,103,89,39159,Normal
1737372500884,2025-01-20 12:28:20,10959.33,3034.63,25.41,7763402752,3328651264,57.1,169,99,56509,Normal
1737372512435,2025-01-20 12:28:32,10972.76,3041.47,25.45,7763402752,3339329536,57.0,77,8,29602,Normal
1737372523859,2025-01-20 12:28:43,10990.6,3044.25,25.5,7763402752,3336261632,57.0,14,11,1068,Normal
1737372535281,2025-01-20 12:28:55,11007.39,3047.89,25.53,7763402752,3338072064,57.0,9,9,1224,Normal
1737372546748,2025-01-20 12:29:06,11017.22,3058.65,25.55,7763402752,3339886592,57.0,28,26,2649,Normal
1737372558482,2025-01-20 12:29:18,11034.24,3062.86,25.58,7763402752,3324682240,57.2,0,0,0,Normal
1737372569914,2025-01-20 12:29:29,11052.99,3064.91,25.6,7763402752,3301740544,57.5,8,8,664,Normal
1737372581339,2025-01-20 12:29:41,11071.69,3067.07,25.62,7763402752,3314528256,57.3,6,3,957,Normal
1737372592759,2025-01-20 12:29:52,11089.89,3069.6,25.64,7763402752,3313000448,57.3,20,3,5909,Normal
1737372604201,2025-01-20 12:30:04,11106.2,3073.79,25.67,7763402752,3314302976,57.3,113,96,51138,Normal
1737372615636,2025-01-20 12:30:15,11121.18,3079.15,25.71,7763402752,3300847616,57.5,6,0,4248,Normal
1737372627121,2025-01-20 12:30:27,11132.06,3088.36,25.74,7763402752,3056443392,60.6,35,24,3881,Anomaly
1737372638662,2025-01-20 12:30:38,11140.42,3099.26,25.76,7763402752,3296739328,57.5,860,804,900085,Normal
1737372650145,2025-01-20 12:30:50,11146.05,3113.72,25.88,7763402752,3252158464,58.1,143,119,37336,Anomaly
1737372661807,2025-01-20 12:31:01,11151.7,3127.27,25.94,7763402752,3130687488,59.7,14,14,1567,Normal
1737372673539,2025-01-20 12:31:13,11165.08,3134.71,25.96,7763402752,3243552768,58.2,6,6,955,Normal
1737372685026,2025-01-20 12:31:25,11181.27,3138.91,25.98,7763402752,3259432960,58.0,63,56,14838,Normal
1737372696472,2025-01-20 12:31:36,11193.66,3146.33,26.01,7763402752,3230494720,58.4,60,52,9778,Normal
1737372708126,2025-01-20 12:31:48,11207.52,3152.83,26.04,7763402752,3247333376,58.2,71,66,34026,Normal
1737372719556,2025-01-20 12:31:59,11221.72,3158.6,26.06,7763402752,3231068160,58.4,62,62,10989,Normal
1737372731028,2025-01-20 12:32:11,11233.71,3166.54,26.09,7763402752,3231981568,58.4,81,71,18200,Normal
1737372742462,2025-01-20 12:32:22,11243.19,3176.68,26.13,7763402752,3226550272,58.4,102,95,20426,Normal
1737372753947,2025-01-20 12:32:33,11252.05,3187.45,26.16,7763402752,3237470208,58.3,39,26,7200,Normal
1737372765439,2025-01-20 12:32:45,11267.14,3192.39,26.18,7763402752,3235241984,58.3,14,8,1502,Normal
1737372776905,2025-01-20 12:32:56,11281.57,3198.11,26.21,7763402752,3270983680,57.9,5,5,427,Normal
1737372788348,2025-01-20 12:33:08,11294.42,3205.49,26.23,7763402752,3297464320,57.5,12,9,1697,Normal
1737372799813,2025-01-20 12:33:19,11307.07,3212.74,26.26,7763402752,3294937088,57.6,7,7,1021,Normal
1737372811256,2025-01-20 12:33:31,11323.72,3216.31,26.29,7763402752,3260379136,58.0,19,10,1471,Normal
1737372822882,2025-01-20 12:33:42,11337.57,3222.58,26.32,7763402752,3275427840,57.8,11,11,976,Normal
1737372834327,2025-01-20 12:33:54,11351.84,3228.33,26.34,7763402752,3261075456,58.0,15,15,1657,Normal
1737372845769,2025-01-20 12:34:05,11368.14,3232.37,26.37,7763402752,3258007552,58.0,5,5,874,Normal
1737372857224,2025-01-20 12:34:17,11381.07,3239.41,26.39,7763402752,3251691520,58.1,111,101,22971,Normal
1737372868790,2025-01-20 12:34:28,11392.23,3248.14,26.43,7763402752,3210584064,58.6,60,60,9754,Normal
1737372880233,2025-01-20 12:34:40,11403.31,3256.92,26.46,7763402752,3246374912,58.2,90,90,13969,Normal
1737372891671,2025-01-20 12:34:51,11412.89,3267.18,26.49,7763402752,3224674304,58.5,67,45,17892,Normal
1737372903127,2025-01-20 12:35:03,11424.74,3275.15,26.51,7763402752,3239112704,58.3,32,22,3326,Normal
1737372914577,2025-01-20 12:35:14,11441.12,3279.06,26.55,7763402752,3261595648,58.0,86,86,44129,Normal
1737372926025,2025-01-20 12:35:26,11453.96,3286.42,26.58,7763402752,3243720704,58.2,15,11,1624,Normal
1737372937443,2025-01-20 12:35:37,11470.68,3290.09,26.6,7763402752,3242942464,58.2,38,29,8963,Normal
1737372948898,2025-01-20 12:35:48,11486.99,3294.24,26.62,7763402752,3249344512,58.1,25,19,3357,Normal
1737372960486,2025-01-20 12:36:00,11501.41,3300.11,26.65,7763402752,3251732480,58.1,62,60,9601,Normal
1737372972123,2025-01-20 12:36:12,11511.52,3309.97,26.68,7763402752,3211550720,58.6,23,23,4348,Normal
1737372983759,2025-01-20 12:36:23,11526.63,3315.32,26.71,7763402752,3216740352,58.6,5,2,789,Normal
1737372995200,2025-01-20 12:36:35,11542.06,3320.05,26.73,7763402752,3222605824,58.5,5,5,870,Normal
1737373006627,2025-01-20 12:36:46,11557.73,3324.43,26.75,7763402752,3210117120,58.7,115,103,22080,Normal
1737373018344,2025-01-20 12:36:58,11565.97,3336.23,26.79,7763402752,3213717504,58.6,188,180,62888,Normal
1737373029875,2025-01-20 12:37:09,11575.61,3346.49,26.83,7763402752,3216863232,58.6,149,137,63473,Normal
1737373041355,2025-01-20 12:37:21,11584.54,3357.36,26.87,7763402752,3197050880,58.8,39,29,6130,Normal
1737373053018,2025-01-20 12:37:33,11594.49,3367.13,26.9,7763402752,3236478976,58.3,55,55,9584,Normal
1737373064534,2025-01-20 12:37:44,11606.41,3374.99,26.93,7763402752,3216035840,58.6,49,49,7773,Normal
1737373076074,2025-01-20 12:37:56,11614.45,3386.66,26.95,7763402752,3229360128,58.4,67,64,11765,Normal
1737373087641,2025-01-20 12:38:07,11622.37,3398.32,26.99,7763402752,3222179840,58.5,98,93,20729,Normal
1737373099295,2025-01-20 12:38:19,11630.01,3410.46,27.02,7763402752,3221475328,58.5,26,16,3845,Normal
1737373110725,2025-01-20 12:38:30,11641.25,3418.54,27.05,7763402752,3208822784,58.7,1,0,60,Normal
1737373122307,2025-01-20 12:38:42,11655.04,3424.87,27.07,7763402752,3226075136,58.4,69,59,20729,Normal
1737373133749,2025-01-20 12:38:53,11668.73,3431.27,27.1,7763402752,3233513472,58.3,13,12,1531,Normal
1737373145191,2025-01-20 12:39:05,11676.48,3444.13,27.13,7763402752,3227324416,58.4,8,6,675,Normal
1737373156642,2025-01-20 12:39:16,11694.51,3446.5,27.15,7763402752,3228274688,58.4,8,6,634,Normal
1737373168070,2025-01-20 12:39:28,11709.73,3451.06,27.17,7763402752,3219857408,58.5,15,14,1598,Anomaly
1737373179824,2025-01-20 12:39:39,11717.71,3461.84,27.2,7763402752,3127087104,59.7,12,10,1404,Normal
1737373191501,2025-01-20 12:39:51,11733.08,3467.41,27.22,7763402752,3168673792,59.2,12,6,1275,Normal
1737373202952,2025-01-20 12:40:02,11743.84,3477.28,27.24,7763402752,3219046400,58.5,16,9,3118,Normal
1737373214405,2025-01-20 12:40:14,11758.51,3482.49,27.26,7763402752,3181928448,59.0,17,16,1819,Normal
1737373225829,2025-01-20 12:40:25,11771.28,3490.44,27.29,7763402752,3171553280,59.1,9,0,4410,Normal
1737373237296,2025-01-20 12:40:37,11784.0,3498.09,27.33,7763402752,3201974272,58.8,9,3,3886,Normal
1737373248976,2025-01-20 12:40:48,11800.72,3502.4,27.35,7763402752,3194875904,58.8,9,4,1046,Normal
1737373260395,2025-01-20 12:41:00,11819.55,3504.3,27.37,7763402752,3204657152,58.7,24,20,2324,Normal
1737373271821,2025-01-20 12:41:11,11838.33,3506.29,27.4,7763402752,3196129280,58.8,8,5,570,Normal
1737373283245,2025-01-20 12:41:23,11856.93,3508.46,27.42,7763402752,3186520064,59.0,9,8,1399,Normal
1737373294669,2025-01-20 12:41:34,11875.24,3510.79,27.44,7763402752,3191160832,58.9,14,10,1446,Normal
1737373306083,2025-01-20 12:41:46,11894.15,3512.71,27.47,7763402752,3208429568,58.7,19,12,1962,Normal
1737373317494,2025-01-20 12:41:57,11912.94,3514.69,27.5,7763402752,3193417728,58.9,39,33,9357,Normal
1737373328904,2025-01-20 12:42:08,11931.61,3516.77,27.54,7763402752,3194056704,58.9,22,7,10993,Normal
1737373340331,2025-01-20 12:42:20,11950.37,3518.82,27.56,7763402752,3202859008,58.7,8,6,1075,Normal
1737373351789,2025-01-20 12:42:31,11969.28,3520.82,27.58,7763402752,3199619072,58.8,1,0,60,Normal
1737373363216,2025-01-20 12:42:43,11988.09,3522.78,27.61,7763402752,3194560512,58.9,19,9,4428,Normal
1737373374646,2025-01-20 12:42:54,12006.87,3524.8,27.63,7763402752,3188629504,58.9,8,4,1004,Normal
1737373386065,2025-01-20 12:43:06,12025.75,3526.71,27.66,7763402752,3178110976,59.1,15,10,1143,Normal
1737373397491,2025-01-20 12:43:17,12044.5,3528.84,27.68,7763402752,3183972352,59.0,5,0,350,Normal
1737373408910,2025-01-20 12:43:28,12063.3,3530.85,27.7,7763402752,3188531200,58.9,10,8,1187,Normal
1737373420339,2025-01-20 12:43:40,12081.96,3532.91,27.72,7763402752,3179446272,59.0,98,95,42079,Normal
1737373431765,2025-01-20 12:43:51,12100.37,3535.36,27.76,7763402752,3177607168,59.1,9,3,686,Normal
1737373443199,2025-01-20 12:44:03,12118.83,3537.76,27.78,7763402752,3227107328,58.4,0,0,0,Normal
1737373454631,2025-01-20 12:44:14,12137.77,3539.62,27.81,7763402752,3231604736,58.4,69,6,6362,Normal
1737373466070,2025-01-20 12:44:26,12156.56,3541.66,27.85,7763402752,3221397504,58.5,41,1,4087,Normal
1737373477503,2025-01-20 12:44:37,12174.82,3544.1,27.88,7763402752,3238244352,58.3,36,0,3214,Normal
1737373489021,2025-01-20 12:44:49,12189.6,3549.59,27.91,7763402752,3251183616,58.1,6,4,1340,Normal
1737373500448,2025-01-20 12:45:00,12208.36,3551.67,27.94,7763402752,3231346688,58.4,27,3,11191,Normal
1737373511869,2025-01-20 12:45:11,12226.44,3554.25,27.96,7763402752,3226427392,58.4,6,3,466,Normal
1737373523330,2025-01-20 12:45:23,12236.0,3565.36,27.97,7763402752,3218513920,58.5,91,89,52873,Normal
1737373534778,2025-01-20 12:45:34,12248.17,3573.03,28.0,7763402752,3059093504,60.6,811,767,1253159,Normal
1737373546236,2025-01-20 12:45:46,12257.17,3584.56,28.19,7763402752,3174182912,59.1,829,783,759149,Normal
1737373557702,2025-01-20 12:45:57,12262.8,3599.24,28.27,7763402752,3213959168,58.6,4,3,316,Normal
1737385301188,2025-01-20 16:01:41,28387.44,8638.12,99.58,7763402752,4550488064,41.4,1,0,60,Normal
1737385313202,2025-01-20 16:01:53,28405.78,8641.0,99.62,7763402752,4512219136,41.9,4,0,328,Normal
1737385324846,2025-01-20 16:02:04,28417.6,8650.41,99.64,7763402752,4494901248,42.1,0,0,0,Normal
1737385336253,2025-01-20 16:02:16,28436.71,8652.28,99.67,7763402752,4504264704,42.0,2,0,102,Normal
1737385347660,2025-01-20 16:02:27,28449.52,8660.08,99.69,7763402752,4457582592,42.6,8,6,682,Anomaly
1737385359134,2025-01-20 16:02:39,28465.26,8665.0,99.71,7763402752,4490104832,42.2,178,158,108141,Normal
1737385370833,2025-01-20 16:02:50,28470.71,8678.91,99.76,7763402752,4430123008,42.9,6,0,430,Normal
1737385382253,2025-01-20 16:03:02,28480.26,8689.33,99.78,7763402752,4436787200,42.8,1,0,60,Normal
1737385393771,2025-01-20 16:03:13,28492.36,8698.0,99.81,7763402752,4472954880,42.4,182,168,218942,Normal
1737385405471,2025-01-20 16:03:25,28503.28,8708.25,99.89,7763402752,4416053248,43.1,12,0,790,Anomaly
1737385416961,2025-01-20 16:03:36,28517.1,8715.08,99.92,7763402752,4276752384,44.9,461,429,429427,Anomaly
1737385428391,2025-01-20 16:03:48,28522.59,8729.49,100.0,7763402752,4341018624,44.1,3,0,180,Normal
1737385439946,2025-01-20 16:03:59,28526.61,8744.37,100.02,7763402752,4360757248,43.8,423,402,545661,Normal
1737385451536,2025-01-20 16:04:11,28535.51,8756.28,100.11,7763402752,4247449600,45.3,7,0,2354,Anomaly
1737385462980,2025-01-20 16:04:22,28542.95,8769.85,100.13,7763402752,4223057920,45.6,3,0,180,Anomaly
1737385474461,2025-01-20 16:04:34,28554.75,8778.32,100.15,7763402752,4374233088,43.7,2,0,120,Anomaly
1737385485962,2025-01-20 16:04:45,28560.81,8793.43,100.17,7763402752,4397473792,43.4,3,0,162,Normal
1737385497395,2025-01-20 16:04:57,28571.21,8801.96,100.18,7763402752,4211945472,45.7,120,93,50870,Anomaly
1737385508907,2025-01-20 16:05:08,28586.25,8807.65,100.22,7763402752,4286394368,44.8,1,0,60,Normal
1737385520318,2025-01-20 16:05:20,28594.07,8820.33,100.24,7763402752,4321198080,44.3,7,4,606,Normal
1737385531821,2025-01-20 16:05:31,28602.24,8832.95,100.26,7763402752,4380434432,43.6,949,915,1096065,Normal
1737385543281,2025-01-20 16:05:43,28614.81,8841.23,100.32,7763402752,4265218048,45.1,0,0,0,Anomaly
1737385554687,2025-01-20 16:05:54,28622.44,8852.54,100.35,7763402752,4131061760,46.8,194,172,138938,Anomaly
1737385566124,2025-01-20 16:06:06,28628.75,8867.08,100.41,7763402752,4231684096,45.5,2,0,102,Normal
1737385577774,2025-01-20 16:06:17,28635.96,8880.28,100.44,7763402752,4193820672,46.0,35,23,8035,Anomaly
1737385589259,2025-01-20 16:06:29,28644.8,8892.03,100.48,7763402752,4134854656,46.7,264,248,291246,Anomaly
1737385600779,2025-01-20 16:06:40,28653.93,8903.05,100.59,7763402752,4308717568,44.5,797,773,883982,Anomaly
1737385612253,2025-01-20 16:06:52,28660.31,8917.53,100.68,7763402752,4351442944,43.9,15,11,1560,Normal
1737385623886,2025-01-20 16:07:03,28664.23,8934.82,100.69,7763402752,4019224576,48.2,1,0,60,Anomaly
1737385635412,2025-01-20 16:07:15,28674.68,8944.2,100.71,7763402752,4312756224,44.4,3,0,240,Normal
1737385646860,2025-01-20 16:07:26,28682.04,8956.9,100.73,7763402752,4172693504,46.3,42,20,5846,Normal
1737385658329,2025-01-20 16:07:38,28693.02,8966.91,100.76,7763402752,4281208832,44.9,2,0,120,Normal
1737385669977,2025-01-20 16:07:49,28706.28,8973.81,100.79,7763402752,4317560832,44.4,14,0,9912,Anomaly
1737385681491,2025-01-20 16:08:01,28713.57,8986.94,100.8,7763402752,4146860032,46.6,17,0,10092,Normal
1737385692947,2025-01-20 16:08:12,28728.02,8992.14,100.83,7763402752,4087791616,47.3,2,0,102,Anomaly
1737385704438,2025-01-20 16:08:24,28744.68,8996.46,100.84,7763402752,4297469952,44.6,5,0,300,Normal
1737385716032,2025-01-20 16:08:36,28749.74,9012.62,100.87,7763402752,4300271616,44.6,862,846,1406843,Anomaly
1737385727482,2025-01-20 16:08:47,28761.83,9021.41,101.0,7763402752,4305752064,44.5,3,0,180,Normal
1737385738937,2025-01-20 16:08:58,28770.44,9033.28,101.02,7763402752,3894796288,49.8,930,902,1357010,Anomaly
1737385750385,2025-01-20 16:09:10,28775.29,9048.94,101.13,7763402752,4134838272,46.7,285,276,397283,Normal
1737385762041,2025-01-20 16:09:22,28782.68,9062.74,101.19,7763402752,4099362816,47.2,2,0,150,Anomaly
1737385773557,2025-01-20 16:09:33,28791.69,9074.27,101.21,7763402752,4113231872,47.0,223,218,216627,Normal
1737385784982,2025-01-20 16:09:44,28802.67,9082.25,101.34,7763402752,4284993536,44.8,1,0,60,Normal
1737385796404,2025-01-20 16:09:56,28816.85,9088.82,101.36,7763402752,4306657280,44.5,5,0,800,Normal
1737385807831,2025-01-20 16:10:07,28831.05,9095.29,101.38,7763402752,4314013696,44.4,0,0,0,Normal
1737385819248,2025-01-20 16:10:19,28842.21,9104.65,101.4,7763402752,4276871168,44.9,4,3,310,Anomaly
1737385830929,2025-01-20 16:10:30,28848.42,9119.12,101.42,7763402752,3839610880,50.5,3,0,162,Anomaly
1737385842436,2025-01-20 16:10:42,28858.34,9128.89,101.44,7763402752,4041211904,47.9,497,489,1012079,Anomaly
1737385854010,2025-01-20 16:10:54,28866.78,9141.25,101.57,7763402752,4194553856,46.0,3,0,162,Normal
1737385865461,2025-01-20 16:11:05,28885.89,9143.15,101.59,7763402752,4298743808,44.6,6,0,1871,Normal
1737385876891,2025-01-20 16:11:16,28903.32,9146.65,101.61,7763402752,4306460672,44.5,173,157,187759,Normal
1737385888568,2025-01-20 16:11:28,28908.12,9162.24,101.76,7763402752,4268716032,45.0,552,518,591920,Anomaly
1737385900087,2025-01-20 16:11:40,28918.91,9171.72,101.8,7763402752,4270632960,45.0,778,759,1406809,Anomaly
1737385911655,2025-01-20 16:11:51,28925.06,9186.28,101.97,7763402752,4193492992,46.0,24,12,4608,Anomaly
1737385923108,2025-01-20 16:12:03,28933.92,9197.72,101.99,7763402752,4293087232,44.7,3,0,162,Normal
1737385934622,2025-01-20 16:12:14,28944.03,9208.34,102.01,7763402752,4291686400,44.7,0,0,0,Anomaly
1737385946172,2025-01-20 16:12:26,28954.59,9218.13,102.03,7763402752,4232720384,45.5,0,0,0,Anomaly
1737385957692,2025-01-20 16:12:37,28967.61,9225.96,102.06,7763402752,4181311488,46.1,2,0,102,Normal
1737385969138,2025-01-20 16:12:49,28977.18,9237.43,102.07,7763402752,4252393472,45.2,0,0,0,Normal
1737385980593,2025-01-20 16:13:00,28986.37,9248.58,102.1,7763402752,4163526656,46.4,174,131,112813,Normal
1737385992044,2025-01-20 16:13:12,28997.56,9257.45,102.15,7763402752,4292390912,44.7,2,0,102,Anomaly
1737386003697,2025-01-20 16:13:23,29003.92,9272.01,102.17,7763402752,4271046656,45.0,738,712,1169437,Anomaly
1737386015250,2025-01-20 16:13:35,29011.28,9285.83,102.26,7763402752,4310261760,44.5,11,0,850,Normal
1737386026781,2025-01-20 16:13:46,29022.52,9295.38,102.28,7763402752,4286955520,44.8,5,0,282,Normal
1737386038249,2025-01-20 16:13:58,29035.33,9303.42,102.3,7763402752,4250923008,45.2,8,0,3072,Anomaly
1737386049736,2025-01-20 16:14:09,29043.65,9315.57,102.31,7763402752,4150263808,46.5,433,415,548724,Normal
1737386061332,2025-01-20 16:14:21,29051.22,9329.09,102.45,7763402752,4260052992,45.1,5,0,282,Normal
1737386072987,2025-01-20 16:14:32,29053.81,9347.86,102.46,7763402752,4059742208,47.7,0,0,0,Anomaly
1737386084509,2025-01-20 16:14:44,29062.99,9358.93,102.48,7763402752,4167933952,46.3,40,30,9012,Anomaly
1737386096005,2025-01-20 16:14:56,29068.47,9373.02,102.5,7763402752,3860017152,50.3,2,0,576,Anomaly
